categoria_do_encargo;tipo_do_encargo;codigo_do_encargo;valor_total_do_carne;parcelas;taxa_de_desconto_%;vencimento_da_primeira_parcela;valor_da_primeira_parcela;codigo_de_barras;complemento_despesa;calcular_taxa_de_administracao_sobre_o_servico;conta_bancaria;
1;1;72;4228.16;8;;10/05/2024;;;IPTU 2024;0;6;
1;1;234;711.68;8;;10/05/2024;;;IPTU 2024;0;6;
1;1;255;409.28;8;;10/05/2024;;;IPTU 2024;0;6;
1;1;340;795.52;8;;10/05/2024;;;IPTU 2024;0;6;
1;1;355;865.04;8;;10/05/2024;;;IPTU 2024;0;6;
1;1;356;1228.32;8;;10/05/2024;;;IPTU 2024;0;6;
1;1;364;732.48;8;;10/05/2024;;;IPTU 2024;0;6;
1;1;371;768.48;8;;10/05/2024;;;IPTU 2024;0;6;
1;1;381;720.08;8;;10/05/2024;;;IPTU 2024;0;6;
1;1;402;1518.4;8;;10/05/2024;;;IPTU 2024;0;6;
1;1;433;868.08;8;;10/05/2024;;;IPTU 2024;0;6;
1;1;468;2209.76;8;;10/05/2024;;;IPTU 2024;0;6;
1;1;495;1430.72;8;;10/05/2024;;;IPTU 2024;0;6;
1;1;499;836.72;8;;10/05/2024;;;IPTU 2024;0;6;
1;1;612;1495.76;8;;10/05/2024;;;IPTU 2024;0;6;
1;1;614;1447.28;8;;10/05/2024;;;IPTU 2024;0;6;
1;1;615;1167.52;8;;10/05/2024;;;IPTU 2024;0;6;
1;1;616;1308.4;8;;10/05/2024;;;IPTU 2024;0;6;
1;1;642;1086.16;8;;10/05/2024;;;IPTU 2024;0;6;
1;1;644;628.8;8;;10/05/2024;;;IPTU 2024;0;6;
1;1;645;920;8;;10/05/2024;;;IPTU 2024;0;6;
1;1;769;983.36;8;;10/05/2024;;;IPTU 2024;0;6;
1;1;921;4231.2;8;;10/05/2024;;;IPTU 2024;0;6;
1;1;929;1193.52;8;;10/05/2024;;;IPTU 2024;0;6;
1;1;930;1821.76;8;;10/05/2024;;;IPTU 2024;0;6;
1;1;976;1085.68;8;;10/05/2024;;;IPTU 2024;0;6;
1;1;988;741.44;8;;10/05/2024;;;IPTU 2024;0;6;
1;1;989;972.88;8;;10/05/2024;;;IPTU 2024;0;6;
1;1;1003;1660.64;8;;10/05/2024;;;IPTU 2024;0;6;
1;1;1017;978.4;8;;10/05/2024;;;IPTU 2024;0;6;
1;1;1093;832.24;8;;10/05/2024;;;IPTU 2024;0;6;
1;1;1104;692.48;8;;10/05/2024;;;IPTU 2024;0;6;
1;1;1105;692.48;8;;10/05/2024;;;IPTU 2024;0;6;
1;1;1108;692.48;8;;10/05/2024;;;IPTU 2024;0;6;
1;1;1108;692.48;8;;10/05/2024;;;IPTU 2024;0;6;
1;1;1110;692.48;8;;10/05/2024;;;IPTU 2024;0;6;
1;1;1137;869.44;8;;10/05/2024;;;IPTU 2024;0;6;
1;1;1138;769.12;8;;10/05/2024;;;IPTU 2024;0;6;
1;1;1206;807.52;8;;10/05/2024;;;IPTU 2024;0;6;
1;1;1210;807.52;8;;10/05/2024;;;IPTU 2024;0;6;
1;1;1211;807.52;8;;10/05/2024;;;IPTU 2024;0;6;
1;1;1212;807.52;8;;10/05/2024;;;IPTU 2024;0;6;
1;1;1214;1150;8;;10/05/2024;;;IPTU 2024;0;6;
1;1;1218;122.16;8;;10/05/2024;;;IPTU 2024;0;6;
1;1;1247;590.64;8;;10/05/2024;;;IPTU 2024;0;6;
1;1;1276;1175.44;8;;10/05/2024;;;IPTU 2024;0;6;
1;1;1281;1175.44;8;;10/05/2024;;;IPTU 2024;0;6;
1;1;1302;826.88;8;;10/05/2024;;;IPTU 2024;0;6;
1;1;1306;670.32;8;;10/05/2024;;;IPTU 2024;0;6;
1;1;1310;1473.92;8;;10/05/2024;;;IPTU 2024;0;6;
1;1;1310;1473.92;8;;10/05/2024;;;IPTU 2024;0;6;
1;1;1376;668.88;8;;10/05/2024;;;IPTU 2024;0;6;
1;1;1383;668.88;8;;10/05/2024;;;IPTU 2024;0;6;
1;1;1384;668.88;8;;10/05/2024;;;IPTU 2024;0;6;
1;1;1388;159.04;8;;10/05/2024;;;IPTU 2024;0;6;
1;1;1446;199.36;8;;10/05/2024;;;IPTU 2024;0;6;
1;1;1460;210.16;8;;10/05/2024;;;IPTU 2024;0;6;
1;1;1607;814.96;8;;10/05/2024;;;IPTU 2024;0;6;
1;1;1618;800.56;8;;10/05/2024;;;IPTU 2024;0;6;
1;1;1623;800.56;8;;10/05/2024;;;IPTU 2024;0;6;
1;1;1636;179.12;8;;10/05/2024;;;IPTU 2024;0;6;
1;1;1690;1270.32;8;;10/05/2024;;;IPTU 2024;0;6;
1;1;1698;1156.72;8;;10/05/2024;;;IPTU 2024;0;6;
1;1;1703;1890;8;;10/05/2024;;;IPTU 2024;0;6;
1;1;1712;1086.16;8;;10/05/2024;;;IPTU 2024;0;6;
1;1;1718;948.24;8;;10/05/2024;;;IPTU 2024;0;6;
1;1;1718;948.24;8;;10/05/2024;;;IPTU 2024;0;6;
1;1;1721;1337.2;8;;10/05/2024;;;IPTU 2024;0;6;
1;1;1805;820.08;8;;10/05/2024;;;IPTU 2024;0;6;
1;1;1806;816.88;8;;10/05/2024;;;IPTU 2024;0;6;
1;1;1831;287.44;8;;10/05/2024;;;IPTU 2024;0;6;
1;1;1879;2281.52;8;;10/05/2024;;;IPTU 2024;0;6;
1;1;1983;731.04;8;;10/05/2024;;;IPTU 2024;0;6;
1;1;2048;752.88;8;;10/05/2024;;;IPTU 2024;0;6;
1;1;2049;752.88;8;;10/05/2024;;;IPTU 2024;0;6;
1;1;2071;2834.8;8;;10/05/2024;;;IPTU 2024;0;6;
1;1;2072;900.64;8;;10/05/2024;;;IPTU 2024;0;6;
1;1;2078;979.52;8;;10/05/2024;;;IPTU 2024;0;6;
1;1;2086;979.52;8;;10/05/2024;;;IPTU 2024;0;6;
1;1;2100;1012.96;8;;10/05/2024;;;IPTU 2024;0;6;
1;1;2112;1012.96;8;;10/05/2024;;;IPTU 2024;0;6;
1;1;2210;616.48;8;;10/05/2024;;;IPTU 2024;0;6;
1;1;2297;762.56;8;;10/05/2024;;;IPTU 2024;0;6;
1;1;2311;2337.04;8;;10/05/2024;;;IPTU 2024;0;6;
1;1;2322;1749.28;8;;10/05/2024;;;IPTU 2024;0;6;
1;1;2344;2648.8;8;;10/05/2024;;;IPTU 2024;0;6;
1;1;2425;607.44;8;;10/05/2024;;;IPTU 2024;0;6;
1;1;2426;747.12;8;;10/05/2024;;;IPTU 2024;0;6;
1;1;2427;803.84;8;;10/05/2024;;;IPTU 2024;0;6;
1;1;2429;914.88;8;;10/05/2024;;;IPTU 2024;0;6;
1;1;2430;281.28;8;;10/05/2024;;;IPTU 2024;0;6;
1;1;2475;865.84;8;;10/05/2024;;;IPTU 2024;0;6;
1;1;2476;1163.92;8;;10/05/2024;;;IPTU 2024;0;6;
1;1;2477;614.32;8;;10/05/2024;;;IPTU 2024;0;6;
1;1;2478;845.2;8;;10/05/2024;;;IPTU 2024;0;6;
1;1;2481;845.2;8;;10/05/2024;;;IPTU 2024;0;6;
1;1;2482;848.64;8;;10/05/2024;;;IPTU 2024;0;6;
1;1;2610;67.76;8;;10/05/2024;;;IPTU 2024;0;6;
1;1;2729;615.68;8;;10/05/2024;;;IPTU 2024;0;6;
1;1;2730;546.64;8;;10/05/2024;;;IPTU 2024;0;6;
1;1;2779;1018.8;8;;10/05/2024;;;IPTU 2024;0;6;
1;1;2780;589.76;8;;10/05/2024;;;IPTU 2024;0;6;
1;1;2781;589.76;8;;10/05/2024;;;IPTU 2024;0;6;
1;1;2782;589.76;8;;10/05/2024;;;IPTU 2024;0;6;
1;1;2885;589.44;8;;10/05/2024;;;IPTU 2024;0;6;
1;1;2914;662.4;8;;10/05/2024;;;IPTU 2024;0;6;
1;1;2915;662.4;8;;10/05/2024;;;IPTU 2024;0;6;
1;1;3006;1701.28;8;;10/05/2024;;;IPTU 2024;0;6;
1;1;3062;601.76;8;;10/05/2024;;;IPTU 2024;0;6;
1;1;3066;713.84;8;;10/05/2024;;;IPTU 2024;0;6;
1;1;3067;708.96;8;;10/05/2024;;;IPTU 2024;0;6;
1;1;3478;696;8;;10/05/2024;;;IPTU 2024;0;6;
1;1;3566;618;8;;10/05/2024;;;IPTU 2024;0;6;
1;1;3645;591.44;8;;10/05/2024;;;IPTU 2024;0;6;
1;1;3645;591.44;8;;10/05/2024;;;IPTU 2024;0;6;
1;1;3657;266.88;8;;10/05/2024;;;IPTU 2024;0;6;
1;1;3673;384.4;8;;10/05/2024;;;IPTU 2024;0;6;
1;1;3830;640.48;8;;10/05/2024;;;IPTU 2024;0;6;
1;1;4056;321.68;8;;10/05/2024;;;IPTU 2024;0;6;
1;1;4245;506.88;8;;10/05/2024;;;IPTU 2024;0;6;
1;1;4253;433.92;8;;10/05/2024;;;IPTU 2024;0;6;
1;1;4254;511.6;8;;10/05/2024;;;IPTU 2024;0;6;
1;1;4279;193.76;8;;10/05/2024;;;IPTU 2024;0;6;
1;1;4321;570.08;8;;10/05/2024;;;IPTU 2024;0;6;
1;1;4401;791.76;8;;10/05/2024;;;IPTU 2024;0;6;
1;1;4458;643.92;8;;10/05/2024;;;IPTU 2024;0;6;
1;1;4459;653.76;8;;10/05/2024;;;IPTU 2024;0;6;
1;1;4460;643.92;8;;10/05/2024;;;IPTU 2024;0;6;
1;1;4461;653.76;8;;10/05/2024;;;IPTU 2024;0;6;
1;1;4462;643.92;8;;10/05/2024;;;IPTU 2024;0;6;
1;1;4496;558.24;8;;10/05/2024;;;IPTU 2024;0;6;
1;1;4573;442;8;;10/05/2024;;;IPTU 2024;0;6;
1;1;4574;456.88;8;;10/05/2024;;;IPTU 2024;0;6;
1;1;4580;406;8;;10/05/2024;;;IPTU 2024;0;6;
1;1;4664;458.96;8;;10/05/2024;;;IPTU 2024;0;6;
1;1;4725;2692.16;8;;10/05/2024;;;IPTU 2024;0;6;
1;1;4734;475.44;8;;10/05/2024;;;IPTU 2024;0;6;
1;1;4949;556.32;8;;10/05/2024;;;IPTU 2024;0;6;
1;1;5090;997.2;8;;10/05/2024;;;IPTU 2024;0;6;
1;1;5522;463.12;8;;10/05/2024;;;IPTU 2024;0;6;
1;1;5522;463.12;8;;10/05/2024;;;IPTU 2024;0;6;
1;1;5782;258.72;8;;10/05/2024;;;IPTU 2024;0;6;
1;1;5856;273.44;8;;10/05/2024;;;IPTU 2024;0;6;
1;1;6196;942.8;8;;10/05/2024;;;IPTU 2024;0;6;
1;1;6228;901.6;8;;10/05/2024;;;IPTU 2024;0;6;
1;1;6242;380.56;8;;10/05/2024;;;IPTU 2024;0;6;
1;1;6264;276;8;;10/05/2024;;;IPTU 2024;0;6;
1;1;6300;559.28;8;;10/05/2024;;;IPTU 2024;0;6;
1;1;6317;827.2;8;;10/05/2024;;;IPTU 2024;0;6;
1;1;6342;431.36;8;;10/05/2024;;;IPTU 2024;0;6;
1;1;6350;276.8;8;;10/05/2024;;;IPTU 2024;0;6;
1;1;6356;553.52;8;;10/05/2024;;;IPTU 2024;0;6;
1;1;6378;504.88;8;;10/05/2024;;;IPTU 2024;0;6;
1;1;6379;452.64;8;;10/05/2024;;;IPTU 2024;0;6;
1;1;6380;504.88;8;;10/05/2024;;;IPTU 2024;0;6;
1;1;6381;489.52;8;;10/05/2024;;;IPTU 2024;0;6;
1;1;6382;489.52;8;;10/05/2024;;;IPTU 2024;0;6;
1;1;6397;1286.96;8;;10/05/2024;;;IPTU 2024;0;6;
1;1;6439;879.52;8;;10/05/2024;;;IPTU 2024;0;6;
1;1;6440;860.56;8;;10/05/2024;;;IPTU 2024;0;6;
1;1;6541;348;8;;10/05/2024;;;IPTU 2024;0;6;
1;1;6574;337.28;8;;10/05/2024;;;IPTU 2024;0;6;
1;1;6642;900.48;8;;10/05/2024;;;IPTU 2024;0;6;
1;1;6769;361.92;8;;10/05/2024;;;IPTU 2024;0;6;
1;1;6816;175.68;8;;10/05/2024;;;IPTU 2024;0;6;
1;1;6877;228.08;8;;10/05/2024;;;IPTU 2024;0;6;
1;1;7042;588.56;8;;10/05/2024;;;IPTU 2024;0;6;
1;1;7081;396.8;8;;10/05/2024;;;IPTU 2024;0;6;
1;1;7345;264.32;8;;10/05/2024;;;IPTU 2024;0;6;
1;1;7456;356.96;8;;10/05/2024;;;IPTU 2024;0;6;
1;1;7493;297.6;8;;10/05/2024;;;IPTU 2024;0;6;
1;1;7555;5215.92;8;;10/05/2024;;;IPTU 2024;0;6;
1;1;7644;284.16;8;;10/05/2024;;;IPTU 2024;0;6;
1;1;7647;262;8;;10/05/2024;;;IPTU 2024;0;6;
1;1;7735;166.16;8;;10/05/2024;;;IPTU 2024;0;6;
1;1;8357;185.84;8;;10/05/2024;;;IPTU 2024;0;6;
1;1;8429;266.8;8;;10/05/2024;;;IPTU 2024;0;6;
1;1;8724;547.6;8;;10/05/2024;;;IPTU 2024;0;6;
1;1;8743;309.2;8;;10/05/2024;;;IPTU 2024;0;6;
1;1;8759;642.24;8;;10/05/2024;;;IPTU 2024;0;6;
1;1;9391;232.8;8;;10/05/2024;;;IPTU 2024;0;6;
1;1;10035;262.88;8;;10/05/2024;;;IPTU 2024;0;6;
1;1;10129;214.4;8;;10/05/2024;;;IPTU 2024;0;6;
1;1;10195;492.08;8;;10/05/2024;;;IPTU 2024;0;6;
1;1;10195;492.08;8;;10/05/2024;;;IPTU 2024;0;6;
1;1;10296;224.08;8;;10/05/2024;;;IPTU 2024;0;6;
1;1;10608;1550.72;8;;10/05/2024;;;IPTU 2024;0;6;
1;1;10748;265.52;8;;10/05/2024;;;IPTU 2024;0;6;
1;1;10971;661.52;8;;10/05/2024;;;IPTU 2024;0;6;
1;1;11160;258.72;8;;10/05/2024;;;IPTU 2024;0;6;
1;1;11172;258.72;8;;10/05/2024;;;IPTU 2024;0;6;
1;1;11272;448.64;8;;10/05/2024;;;IPTU 2024;0;6;
1;1;11273;448.64;8;;10/05/2024;;;IPTU 2024;0;6;
1;1;11274;448.64;8;;10/05/2024;;;IPTU 2024;0;6;
1;1;11278;163.28;8;;10/05/2024;;;IPTU 2024;0;6;
1;1;11280;119.68;8;;10/05/2024;;;IPTU 2024;0;6;
1;1;11287;388.8;8;;10/05/2024;;;IPTU 2024;0;6;
1;1;11291;388.8;8;;10/05/2024;;;IPTU 2024;0;6;
1;1;11295;370.72;8;;10/05/2024;;;IPTU 2024;0;6;
1;1;11303;370.72;8;;10/05/2024;;;IPTU 2024;0;6;
1;1;11550;292.4;8;;10/05/2024;;;IPTU 2024;0;6;
1;1;11551;436.4;8;;10/05/2024;;;IPTU 2024;0;6;
1;1;11552;472.48;8;;10/05/2024;;;IPTU 2024;0;6;
1;1;11578;468.56;8;;10/05/2024;;;IPTU 2024;0;6;
1;1;11580;280.8;8;;10/05/2024;;;IPTU 2024;0;6;
1;1;11581;870.64;8;;10/05/2024;;;IPTU 2024;0;6;
1;1;11586;364.56;8;;10/05/2024;;;IPTU 2024;0;6;
1;1;11587;364.56;8;;10/05/2024;;;IPTU 2024;0;6;
1;1;11609;404.32;8;;10/05/2024;;;IPTU 2024;0;6;
1;1;11610;465.44;8;;10/05/2024;;;IPTU 2024;0;6;
1;1;11612;398.32;8;;10/05/2024;;;IPTU 2024;0;6;
1;1;11613;398.32;8;;10/05/2024;;;IPTU 2024;0;6;
1;1;11614;398.32;8;;10/05/2024;;;IPTU 2024;0;6;
1;1;11615;398.32;8;;10/05/2024;;;IPTU 2024;0;6;
1;1;11634;289.28;8;;10/05/2024;;;IPTU 2024;0;6;
1;1;11634;289.28;8;;10/05/2024;;;IPTU 2024;0;6;
1;1;11636;406.64;8;;10/05/2024;;;IPTU 2024;0;6;
1;1;11638;189.28;8;;10/05/2024;;;IPTU 2024;0;6;
1;1;11639;225.28;8;;10/05/2024;;;IPTU 2024;0;6;
1;1;11640;246;8;;10/05/2024;;;IPTU 2024;0;6;
1;1;11641;203.76;8;;10/05/2024;;;IPTU 2024;0;6;
1;1;11642;189.28;8;;10/05/2024;;;IPTU 2024;0;6;
1;1;11643;225.2;8;;10/05/2024;;;IPTU 2024;0;6;
1;1;11644;246;8;;10/05/2024;;;IPTU 2024;0;6;
1;1;11645;203.76;8;;10/05/2024;;;IPTU 2024;0;6;
1;1;11646;189.28;8;;10/05/2024;;;IPTU 2024;0;6;
1;1;11647;225.28;8;;10/05/2024;;;IPTU 2024;0;6;
1;1;11648;246;8;;10/05/2024;;;IPTU 2024;0;6;
1;1;11649;203.76;8;;10/05/2024;;;IPTU 2024;0;6;
1;1;11650;189.28;8;;10/05/2024;;;IPTU 2024;0;6;
1;1;11651;225.28;8;;10/05/2024;;;IPTU 2024;0;6;
1;1;11652;246;8;;10/05/2024;;;IPTU 2024;0;6;
1;1;11653;142.64;8;;10/05/2024;;;IPTU 2024;0;6;
1;1;11701;230.56;8;;10/05/2024;;;IPTU 2024;0;6;
1;1;11739;226.32;8;;10/05/2024;;;IPTU 2024;0;6;
1;1;11740;256.32;8;;10/05/2024;;;IPTU 2024;0;6;
1;1;11743;391.92;8;;10/05/2024;;;IPTU 2024;0;6;
1;1;11744;1235.12;8;;10/05/2024;;;IPTU 2024;0;6;
1;1;11746;2501.68;8;;10/05/2024;;;IPTU 2024;0;6;
1;1;11747;138.8;8;;10/05/2024;;;IPTU 2024;0;6;
1;1;11749;946.64;8;;10/05/2024;;;IPTU 2024;0;6;
1;1;11750;1290.64;8;;10/05/2024;;;IPTU 2024;0;6;
1;1;11754;1166.32;8;;10/05/2024;;;IPTU 2024;0;6;
1;1;11756;1757.52;8;;10/05/2024;;;IPTU 2024;0;6;
1;1;11783;451.44;8;;10/05/2024;;;IPTU 2024;0;6;
1;1;11785;435.6;8;;10/05/2024;;;IPTU 2024;0;6;
1;1;11861;473.76;8;;10/05/2024;;;IPTU 2024;0;6;
1;1;12061;379.52;8;;10/05/2024;;;IPTU 2024;0;6;
1;1;12178;370.08;8;;10/05/2024;;;IPTU 2024;0;6;
1;1;12260;549.6;8;;10/05/2024;;;IPTU 2024;0;6;
1;1;12417;718;8;;10/05/2024;;;IPTU 2024;0;6;
1;1;12417;718;8;;10/05/2024;;;IPTU 2024;0;6;
1;1;12454;556;8;;10/05/2024;;;IPTU 2024;0;6;
1;1;13059;634.72;8;;10/05/2024;;;IPTU 2024;0;6;
1;1;13389;196.88;8;;10/05/2024;;;IPTU 2024;0;6;
1;1;13504;642.8;8;;10/05/2024;;;IPTU 2024;0;6;
1;1;13613;367.28;8;;10/05/2024;;;IPTU 2024;0;6;
1;1;13650;586.88;8;;10/05/2024;;;IPTU 2024;0;6;
1;1;13749;715.12;8;;10/05/2024;;;IPTU 2024;0;6;
1;1;14061;270.56;8;;10/05/2024;;;IPTU 2024;0;6;
1;1;14377;1202.8;8;;10/05/2024;;;IPTU 2024;0;6;
1;1;14378;983.92;8;;10/05/2024;;;IPTU 2024;0;6;
1;1;14626;2067.68;8;;10/05/2024;;;IPTU 2024;0;6;
1;1;15402;948.16;8;;10/05/2024;;;IPTU 2024;0;6;
1;1;16869;373.2;8;;10/05/2024;;;IPTU 2024;0;6;
1;1;17077;227.2;8;;10/05/2024;;;IPTU 2024;0;6;
1;1;18266;214.24;8;;10/05/2024;;;IPTU 2024;0;6;
1;1;18267;174.56;8;;10/05/2024;;;IPTU 2024;0;6;
1;1;18269;185.04;8;;10/05/2024;;;IPTU 2024;0;6;
1;1;18275;366.16;8;;10/05/2024;;;IPTU 2024;0;6;
1;1;19818;200;8;;10/05/2024;;;IPTU 2024;0;6;
1;1;19971;285.36;8;;10/05/2024;;;IPTU 2024;0;6;
1;1;20899;138.88;8;;10/05/2024;;;IPTU 2024;0;6;
1;1;20978;656.88;8;;10/05/2024;;;IPTU 2024;0;6;
1;1;21587;425.44;8;;10/05/2024;;;IPTU 2024;0;6;
1;1;21749;536.32;8;;10/05/2024;;;IPTU 2024;0;6;
1;1;21846;374.24;8;;10/05/2024;;;IPTU 2024;0;6;
1;1;21986;868.16;8;;10/05/2024;;;IPTU 2024;0;6;
1;1;21986;868.16;8;;10/05/2024;;;IPTU 2024;0;6;
1;1;21988;79.68;8;;10/05/2024;;;IPTU 2024;0;6;
1;1;22002;1723.28;8;;10/05/2024;;;IPTU 2024;0;6;
1;1;22127;601.2;8;;10/05/2024;;;IPTU 2024;0;6;
1;1;22137;520.48;8;;10/05/2024;;;IPTU 2024;0;6;
1;1;22391;766;8;;10/05/2024;;;IPTU 2024;0;6;
1;1;22403;456.32;8;;10/05/2024;;;IPTU 2024;0;6;
1;1;22403;456.32;8;;10/05/2024;;;IPTU 2024;0;6;
1;1;22423;843.2;8;;10/05/2024;;;IPTU 2024;0;6;
1;1;22425;936.88;8;;10/05/2024;;;IPTU 2024;0;6;
1;1;22427;459.12;8;;10/05/2024;;;IPTU 2024;0;6;
1;1;22428;485.92;8;;10/05/2024;;;IPTU 2024;0;6;
1;1;22429;459.12;8;;10/05/2024;;;IPTU 2024;0;6;
1;1;22431;459.12;8;;10/05/2024;;;IPTU 2024;0;6;
1;1;22432;222.96;8;;10/05/2024;;;IPTU 2024;0;6;
1;1;22461;1583.36;8;;10/05/2024;;;IPTU 2024;0;6;
1;1;22462;681.52;8;;10/05/2024;;;IPTU 2024;0;6;
1;1;22462;681.52;8;;10/05/2024;;;IPTU 2024;0;6;
1;1;22462;681.52;8;;10/05/2024;;;IPTU 2024;0;6;
1;1;22462;681.52;8;;10/05/2024;;;IPTU 2024;0;6;
1;1;22462;681.52;8;;10/05/2024;;;IPTU 2024;0;6;
1;1;22462;681.52;8;;10/05/2024;;;IPTU 2024;0;6;
1;1;22462;681.52;8;;10/05/2024;;;IPTU 2024;0;6;
1;1;22462;681.52;8;;10/05/2024;;;IPTU 2024;0;6;
1;1;22462;681.52;8;;10/05/2024;;;IPTU 2024;0;6;
1;1;22529;748.24;8;;10/05/2024;;;IPTU 2024;0;6;
1;1;22575;1364.4;8;;10/05/2024;;;IPTU 2024;0;6;
1;1;22632;513.2;8;;10/05/2024;;;IPTU 2024;0;6;
1;1;22637;513.2;8;;10/05/2024;;;IPTU 2024;0;6;
1;1;22801;275.92;8;;10/05/2024;;;IPTU 2024;0;6;
1;1;23039;440;8;;10/05/2024;;;IPTU 2024;0;6;
1;1;23286;1368.56;8;;10/05/2024;;;IPTU 2024;0;6;
1;1;23360;298.64;8;;10/05/2024;;;IPTU 2024;0;6;
1;1;23596;313.44;8;;10/05/2024;;;IPTU 2024;0;6;
1;1;23597;286.88;8;;10/05/2024;;;IPTU 2024;0;6;
1;1;25049;543.68;8;;10/05/2024;;;IPTU 2024;0;6;
1;1;25068;1311.12;8;;10/05/2024;;;IPTU 2024;0;6;
1;1;25069;424.48;8;;10/05/2024;;;IPTU 2024;0;6;
1;1;25220;373.12;8;;10/05/2024;;;IPTU 2024;0;6;
1;1;26428;591.36;8;;10/05/2024;;;IPTU 2024;0;6;
1;1;26443;260.72;8;;10/05/2024;;;IPTU 2024;0;6;
1;1;26892;773.2;8;;10/05/2024;;;IPTU 2024;0;6;
1;1;26922;981.04;8;;10/05/2024;;;IPTU 2024;0;6;
1;1;28156;36.96;8;;10/05/2024;;;IPTU 2024;0;6;
1;1;28221;599.84;8;;10/05/2024;;;IPTU 2024;0;6;
1;1;28222;671.6;8;;10/05/2024;;;IPTU 2024;0;6;
1;1;28223;595.84;8;;10/05/2024;;;IPTU 2024;0;6;
1;1;28224;595.84;8;;10/05/2024;;;IPTU 2024;0;6;
1;1;28225;599.84;8;;10/05/2024;;;IPTU 2024;0;6;
1;1;28226;671.6;8;;10/05/2024;;;IPTU 2024;0;6;
1;1;28227;595.84;8;;10/05/2024;;;IPTU 2024;0;6;
1;1;28228;595.84;8;;10/05/2024;;;IPTU 2024;0;6;
1;1;28230;671.6;8;;10/05/2024;;;IPTU 2024;0;6;
1;1;28231;595.84;8;;10/05/2024;;;IPTU 2024;0;6;
1;1;28232;595.84;8;;10/05/2024;;;IPTU 2024;0;6;
1;1;28560;1339.04;8;;10/05/2024;;;IPTU 2024;0;6;
1;1;28561;908.88;8;;10/05/2024;;;IPTU 2024;0;6;
1;1;28562;829.6;8;;10/05/2024;;;IPTU 2024;0;6;
1;1;28563;846.88;8;;10/05/2024;;;IPTU 2024;0;6;
1;1;28564;882.08;8;;10/05/2024;;;IPTU 2024;0;6;
1;1;28565;908.88;8;;10/05/2024;;;IPTU 2024;0;6;
1;1;28566;829.6;8;;10/05/2024;;;IPTU 2024;0;6;
1;1;28567;846.88;8;;10/05/2024;;;IPTU 2024;0;6;
1;1;28568;882.08;8;;10/05/2024;;;IPTU 2024;0;6;
1;1;28569;908.88;8;;10/05/2024;;;IPTU 2024;0;6;
1;1;28570;829.6;8;;10/05/2024;;;IPTU 2024;0;6;
1;1;28571;846.88;8;;10/05/2024;;;IPTU 2024;0;6;
1;1;28572;882.08;8;;10/05/2024;;;IPTU 2024;0;6;
1;1;28573;110.8;8;;10/05/2024;;;IPTU 2024;0;6;
1;1;28574;110.8;8;;10/05/2024;;;IPTU 2024;0;6;
1;1;28575;110.8;8;;10/05/2024;;;IPTU 2024;0;6;
1;1;28576;110.8;8;;10/05/2024;;;IPTU 2024;0;6;
1;1;28577;110.8;8;;10/05/2024;;;IPTU 2024;0;6;
1;1;28579;110.8;8;;10/05/2024;;;IPTU 2024;0;6;
1;1;28581;110.8;8;;10/05/2024;;;IPTU 2024;0;6;
1;1;28582;110.8;8;;10/05/2024;;;IPTU 2024;0;6;
1;1;28606;1043.12;8;;10/05/2024;;;IPTU 2024;0;6;
1;1;28738;191.28;8;;10/05/2024;;;IPTU 2024;0;6;
1;1;28818;581.28;8;;10/05/2024;;;IPTU 2024;0;6;
1;1;28823;580.48;8;;10/05/2024;;;IPTU 2024;0;6;
1;1;28826;580.48;8;;10/05/2024;;;IPTU 2024;0;6;
1;1;28845;574.24;8;;10/05/2024;;;IPTU 2024;0;6;
1;1;28848;574.24;8;;10/05/2024;;;IPTU 2024;0;6;
1;1;28856;574.24;8;;10/05/2024;;;IPTU 2024;0;6;
1;1;29015;219.92;8;;10/05/2024;;;IPTU 2024;0;6;
1;1;29017;210.32;8;;10/05/2024;;;IPTU 2024;0;6;
1;1;29019;1228.4;8;;10/05/2024;;;IPTU 2024;0;6;
1;1;29035;729.92;8;;10/05/2024;;;IPTU 2024;0;6;
1;1;29236;632.24;8;;10/05/2024;;;IPTU 2024;0;6;
1;1;29698;189.76;8;;10/05/2024;;;IPTU 2024;0;6;
1;1;29718;271.28;8;;10/05/2024;;;IPTU 2024;0;6;
1;1;29965;874.08;8;;10/05/2024;;;IPTU 2024;0;6;
1;1;30250;1653.44;8;;10/05/2024;;;IPTU 2024;0;6;
1;1;30383;406.32;8;;10/05/2024;;;IPTU 2024;0;6;
1;1;30389;420.16;8;;10/05/2024;;;IPTU 2024;0;6;
1;1;30397;420.16;8;;10/05/2024;;;IPTU 2024;0;6;
1;1;30402;406.32;8;;10/05/2024;;;IPTU 2024;0;6;
1;1;30403;406.32;8;;10/05/2024;;;IPTU 2024;0;6;
1;1;30648;643.2;8;;10/05/2024;;;IPTU 2024;0;6;
1;1;30650;626.64;8;;10/05/2024;;;IPTU 2024;0;6;
1;1;30652;643.2;8;;10/05/2024;;;IPTU 2024;0;6;
1;1;30870;239.6;8;;10/05/2024;;;IPTU 2024;0;6;
1;1;30876;239.6;8;;10/05/2024;;;IPTU 2024;0;6;
1;1;30907;130;8;;10/05/2024;;;IPTU 2024;0;6;
1;1;30913;130;8;;10/05/2024;;;IPTU 2024;0;6;
1;1;30994;334.24;8;;10/05/2024;;;IPTU 2024;0;6;
1;1;31010;334.24;8;;10/05/2024;;;IPTU 2024;0;6;
1;1;31015;334.16;8;;10/05/2024;;;IPTU 2024;0;6;
1;1;31048;130.88;8;;10/05/2024;;;IPTU 2024;0;6;
1;1;31077;151.2;8;;10/05/2024;;;IPTU 2024;0;6;
1;1;31084;151.2;8;;10/05/2024;;;IPTU 2024;0;6;
1;1;31152;255.2;8;;10/05/2024;;;IPTU 2024;0;6;
1;1;31154;255.2;8;;10/05/2024;;;IPTU 2024;0;6;
1;1;31155;255.2;8;;10/05/2024;;;IPTU 2024;0;6;
1;1;31887;249.84;8;;10/05/2024;;;IPTU 2024;0;6;
1;1;31900;249.84;8;;10/05/2024;;;IPTU 2024;0;6;
1;1;31917;249.2;8;;10/05/2024;;;IPTU 2024;0;6;
1;1;31918;249.2;8;;10/05/2024;;;IPTU 2024;0;6;
1;1;31932;249.84;8;;10/05/2024;;;IPTU 2024;0;6;
1;1;31939;249.84;8;;10/05/2024;;;IPTU 2024;0;6;
1;1;32073;198.8;8;;10/05/2024;;;IPTU 2024;0;6;
1;1;32082;228.72;8;;10/05/2024;;;IPTU 2024;0;6;
1;1;32083;198.88;8;;10/05/2024;;;IPTU 2024;0;6;
1;1;32093;221.04;8;;10/05/2024;;;IPTU 2024;0;6;
1;1;32101;228.56;8;;10/05/2024;;;IPTU 2024;0;6;
1;1;32151;93.6;8;;10/05/2024;;;IPTU 2024;0;6;
1;1;32596;156.16;8;;10/05/2024;;;IPTU 2024;0;6;
1;1;32597;156.8;8;;10/05/2024;;;IPTU 2024;0;6;
1;1;32604;156.8;8;;10/05/2024;;;IPTU 2024;0;6;
1;1;32608;156.16;8;;10/05/2024;;;IPTU 2024;0;6;
1;1;32636;778.88;8;;10/05/2024;;;IPTU 2024;0;6;
1;1;32648;346.16;8;;10/05/2024;;;IPTU 2024;0;6;
1;1;32655;128.64;8;;10/05/2024;;;IPTU 2024;0;6;
1;1;32699;90.72;8;;10/05/2024;;;IPTU 2024;0;6;
1;1;32717;328.56;8;;10/05/2024;;;IPTU 2024;0;6;
1;1;32842;250.16;8;;10/05/2024;;;IPTU 2024;0;6;
1;1;32851;180.08;8;;10/05/2024;;;IPTU 2024;0;6;
1;1;32852;180.08;8;;10/05/2024;;;IPTU 2024;0;6;
1;1;32854;192.96;8;;10/05/2024;;;IPTU 2024;0;6;
1;1;32858;180.08;8;;10/05/2024;;;IPTU 2024;0;6;
1;1;32861;227.2;8;;10/05/2024;;;IPTU 2024;0;6;
1;1;32890;241.92;8;;10/05/2024;;;IPTU 2024;0;6;
1;1;32894;209.04;8;;10/05/2024;;;IPTU 2024;0;6;
1;1;32896;242.32;8;;10/05/2024;;;IPTU 2024;0;6;
1;1;32901;242.32;8;;10/05/2024;;;IPTU 2024;0;6;
1;1;32902;204.96;8;;10/05/2024;;;IPTU 2024;0;6;
1;1;32913;240.48;8;;10/05/2024;;;IPTU 2024;0;6;
1;1;32918;240.48;8;;10/05/2024;;;IPTU 2024;0;6;
1;1;32988;262.32;8;;10/05/2024;;;IPTU 2024;0;6;
1;1;32995;262.32;8;;10/05/2024;;;IPTU 2024;0;6;
1;1;33002;262.32;8;;10/05/2024;;;IPTU 2024;0;6;
1;1;33102;233.36;8;;10/05/2024;;;IPTU 2024;0;6;
1;1;33141;425.44;8;;10/05/2024;;;IPTU 2024;0;6;
1;1;33142;425.44;8;;10/05/2024;;;IPTU 2024;0;6;
1;1;33162;193.52;8;;10/05/2024;;;IPTU 2024;0;6;
1;1;33177;238.96;8;;10/05/2024;;;IPTU 2024;0;6;
1;1;33187;238.96;8;;10/05/2024;;;IPTU 2024;0;6;
1;1;33211;285.04;8;;10/05/2024;;;IPTU 2024;0;6;
1;1;33268;253.68;8;;10/05/2024;;;IPTU 2024;0;6;
1;1;33277;254.32;8;;10/05/2024;;;IPTU 2024;0;6;
1;1;33285;260.88;8;;10/05/2024;;;IPTU 2024;0;6;
1;1;33286;253.68;8;;10/05/2024;;;IPTU 2024;0;6;
1;1;33295;254.32;8;;10/05/2024;;;IPTU 2024;0;6;
1;1;33304;253.68;8;;10/05/2024;;;IPTU 2024;0;6;
1;1;33361;250.72;8;;10/05/2024;;;IPTU 2024;0;6;
1;1;33382;246.88;8;;10/05/2024;;;IPTU 2024;0;6;
1;1;33444;892.4;8;;10/05/2024;;;IPTU 2024;0;6;
1;1;33444;892.4;8;;10/05/2024;;;IPTU 2024;0;6;
1;1;33462;588.08;8;;10/05/2024;;;IPTU 2024;0;6;
1;1;33463;592.08;8;;10/05/2024;;;IPTU 2024;0;6;
1;1;33477;588.08;8;;10/05/2024;;;IPTU 2024;0;6;
1;1;33785;493.68;8;;10/05/2024;;;IPTU 2024;0;6;
1;1;34016;113.04;8;;10/05/2024;;;IPTU 2024;0;6;
1;1;34070;390.8;8;;10/05/2024;;;IPTU 2024;0;6;
1;1;34141;515.6;8;;10/05/2024;;;IPTU 2024;0;6;
1;1;34420;272.88;8;;10/05/2024;;;IPTU 2024;0;6;
1;1;34429;1211.44;8;;10/05/2024;;;IPTU 2024;0;6;
1;1;34431;1045.36;8;;10/05/2024;;;IPTU 2024;0;6;
1;1;34499;122.32;8;;10/05/2024;;;IPTU 2024;0;6;
1;1;34560;859.84;8;;10/05/2024;;;IPTU 2024;0;6;
1;1;34688;374.96;8;;10/05/2024;;;IPTU 2024;0;6;
1;1;34815;579.04;8;;10/05/2024;;;IPTU 2024;0;6;
1;1;34816;582.72;8;;10/05/2024;;;IPTU 2024;0;6;
1;1;34840;399.68;8;;10/05/2024;;;IPTU 2024;0;6;
1;1;34865;364;8;;10/05/2024;;;IPTU 2024;0;6;
1;1;34874;357.44;8;;10/05/2024;;;IPTU 2024;0;6;
1;1;34888;399.68;8;;10/05/2024;;;IPTU 2024;0;6;
1;1;34912;210.96;8;;10/05/2024;;;IPTU 2024;0;6;
1;1;34926;418.56;8;;10/05/2024;;;IPTU 2024;0;6;
1;1;34926;418.56;8;;10/05/2024;;;IPTU 2024;0;6;
1;1;35156;631.44;8;;10/05/2024;;;IPTU 2024;0;6;
1;1;35161;628.96;8;;10/05/2024;;;IPTU 2024;0;6;
1;1;35161;628.96;8;;10/05/2024;;;IPTU 2024;0;6;
1;1;35252;649.28;8;;10/05/2024;;;IPTU 2024;0;6;
1;1;35724;46.96;8;;10/05/2024;;;IPTU 2024;0;6;
1;1;35828;218.24;8;;10/05/2024;;;IPTU 2024;0;6;
1;1;35843;136.96;8;;10/05/2024;;;IPTU 2024;0;6;
1;1;36000;213.92;8;;10/05/2024;;;IPTU 2024;0;6;
1;1;36296;1329.28;8;;10/05/2024;;;IPTU 2024;0;6;
1;1;36296;1329.28;8;;10/05/2024;;;IPTU 2024;0;6;
1;1;36305;1014.72;8;;10/05/2024;;;IPTU 2024;0;6;
1;1;36370;589.76;8;;10/05/2024;;;IPTU 2024;0;6;
1;1;36371;589.76;8;;10/05/2024;;;IPTU 2024;0;6;
1;1;36372;589.76;8;;10/05/2024;;;IPTU 2024;0;6;
1;1;36373;558.64;8;;10/05/2024;;;IPTU 2024;0;6;
1;1;36374;558.64;8;;10/05/2024;;;IPTU 2024;0;6;
1;1;36461;181.92;8;;10/05/2024;;;IPTU 2024;0;6;
1;1;36811;198.64;8;;10/05/2024;;;IPTU 2024;0;6;
1;1;36892;426.8;8;;10/05/2024;;;IPTU 2024;0;6;
1;1;36904;307.2;8;;10/05/2024;;;IPTU 2024;0;6;
1;1;37123;308.4;8;;10/05/2024;;;IPTU 2024;0;6;
1;1;37199;112.56;8;;10/05/2024;;;IPTU 2024;0;6;
1;1;37311;570.4;8;;10/05/2024;;;IPTU 2024;0;6;
1;1;37444;182.56;8;;10/05/2024;;;IPTU 2024;0;6;
1;1;37505;262.32;8;;10/05/2024;;;IPTU 2024;0;6;
1;1;37778;168.48;8;;10/05/2024;;;IPTU 2024;0;6;
1;1;37892;87.52;8;;10/05/2024;;;IPTU 2024;0;6;
1;1;38521;44.32;8;;10/05/2024;;;IPTU 2024;0;6;
1;1;38878;335.04;8;;10/05/2024;;;IPTU 2024;0;6;
1;1;39146;361.68;8;;10/05/2024;;;IPTU 2024;0;6;
1;1;39147;62.56;8;;10/05/2024;;;IPTU 2024;0;6;
1;1;39166;329.6;8;;10/05/2024;;;IPTU 2024;0;6;
1;1;39170;514.88;8;;10/05/2024;;;IPTU 2024;0;6;
1;1;39170;514.88;8;;10/05/2024;;;IPTU 2024;0;6;
1;1;39171;54.64;8;;10/05/2024;;;IPTU 2024;0;6;
1;1;39682;426.88;8;;10/05/2024;;;IPTU 2024;0;6;
1;1;39711;54.64;8;;10/05/2024;;;IPTU 2024;0;6;
1;1;41747;14580;8;;10/05/2024;;;IPTU 2024;0;6;
1;1;41763;260.96;8;;10/05/2024;;;IPTU 2024;0;6;
1;1;42680;36.8;8;;10/05/2024;;;IPTU 2024;0;6;
1;1;42859;392.56;8;;10/05/2024;;;IPTU 2024;0;6;
1;1;42899;81.68;8;;10/05/2024;;;IPTU 2024;0;6;
1;1;42906;438.56;8;;10/05/2024;;;IPTU 2024;0;6;
1;1;42907;438.56;8;;10/05/2024;;;IPTU 2024;0;6;
1;1;43229;100.48;8;;10/05/2024;;;IPTU 2024;0;6;
1;1;43425;167.04;8;;10/05/2024;;;IPTU 2024;0;6;
1;1;44160;393.12;8;;10/05/2024;;;IPTU 2024;0;6;
1;1;45092;200.4;8;;10/05/2024;;;IPTU 2024;0;6;
1;1;45129;754.96;8;;10/05/2024;;;IPTU 2024;0;6;
1;1;45133;282;8;;10/05/2024;;;IPTU 2024;0;6;
1;1;45134;282;8;;10/05/2024;;;IPTU 2024;0;6;
1;1;45135;282;8;;10/05/2024;;;IPTU 2024;0;6;
1;1;45427;304.48;8;;10/05/2024;;;IPTU 2024;0;6;
1;1;45428;279.2;8;;10/05/2024;;;IPTU 2024;0;6;
1;1;45429;304.48;8;;10/05/2024;;;IPTU 2024;0;6;
1;1;46122;620.48;8;;10/05/2024;;;IPTU 2024;0;6;
1;1;46123;607.44;8;;10/05/2024;;;IPTU 2024;0;6;
1;1;46124;620.48;8;;10/05/2024;;;IPTU 2024;0;6;
1;1;46125;607.44;8;;10/05/2024;;;IPTU 2024;0;6;
1;1;46126;620.48;8;;10/05/2024;;;IPTU 2024;0;6;
1;1;46162;178.16;8;;10/05/2024;;;IPTU 2024;0;6;
1;1;46164;166.16;8;;10/05/2024;;;IPTU 2024;0;6;
1;1;46623;266.8;8;;10/05/2024;;;IPTU 2024;0;6;
1;1;46954;154.16;8;;10/05/2024;;;IPTU 2024;0;6;
1;1;46967;393.12;8;;10/05/2024;;;IPTU 2024;0;6;
1;3;36265;936;8;;10/05/2024;;;IPTU 2024;0;6;
1;3;33952;894;16;8;;10/05/2024;;;IPTU 2024;0;6
1;3;34015;14;13;1;;10/05/2024;;;IPTU 2024;0;6
1;2;3070;36.8;8;;10/05/2024;;;IPTU 2024;0;6;
1;2;3075;36.8;8;;10/05/2024;;;IPTU 2024;0;6;
1;2;43771;36.88;8;;10/05/2024;;;IPTU 2024;0;6;
1;2;37124;38.08;8;;10/05/2024;;;IPTU 2024;0;6;
1;2;32869;38.24;8;;10/05/2024;;;IPTU 2024;0;6;
1;2;11176;40.56;8;;10/05/2024;;;IPTU 2024;0;6;
1;2;11188;40.56;8;;10/05/2024;;;IPTU 2024;0;6;
1;2;242;42.08;8;;10/05/2024;;;IPTU 2024;0;6;
1;2;1991;43.36;8;;10/05/2024;;;IPTU 2024;0;6;
1;2;2056;46.08;8;;10/05/2024;;;IPTU 2024;0;6;
1;2;2142;63.92;8;;10/05/2024;;;IPTU 2024;0;6;
1;2;2152;63.92;8;;10/05/2024;;;IPTU 2024;0;6;
1;2;37925;63.92;8;;10/05/2024;;;IPTU 2024;0;6;
1;2;1154;65.04;8;;10/05/2024;;;IPTU 2024;0;6;
1;2;1155;65.04;8;;10/05/2024;;;IPTU 2024;0;6;
1;2;36190;77.92;8;;10/05/2024;;;IPTU 2024;0;6;
1;2;39683;81.36;8;;10/05/2024;;;IPTU 2024;0;6;
1;2;36870;84.32;8;;10/05/2024;;;IPTU 2024;0;6;
1;2;1260;90.32;8;;10/05/2024;;;IPTU 2024;0;6;
1;2;42936;95.2;8;;10/05/2024;;;IPTU 2024;0;6;
1;2;32123;12;1;;10/05/2024;;;IPTU 2024;0;6;
1;2;32132;12;1;;10/05/2024;;;IPTU 2024;0;6;
1;2;32143;12;1;;10/05/2024;;;IPTU 2024;0;6;
1;2;32671;12.08;1;;10/05/2024;;;IPTU 2024;0;6;
1;2;32659;13.25;1;;10/05/2024;;;IPTU 2024;0;6;
1;2;32925;13.73;1;;10/05/2024;;;IPTU 2024;0;6;
1;2;32929;13.73;1;;10/05/2024;;;IPTU 2024;0;6;
1;2;32931;13.73;1;;10/05/2024;;;IPTU 2024;0;6;
1;2;32948;13.73;1;;10/05/2024;;;IPTU 2024;0;6;
1;2;11276;14.96;1;;10/05/2024;;;IPTU 2024;0;6;
1;2;36219;15;1;;10/05/2024;;;IPTU 2024;0;6;
1;2;32612;15.3;1;;10/05/2024;;;IPTU 2024;0;6;
1;2;29003;15.94;1;;10/05/2024;;;IPTU 2024;0;6;
1;2;29005;15.94;1;;10/05/2024;;;IPTU 2024;0;6;
1;2;30902;16.25;1;;10/05/2024;;;IPTU 2024;0;6;
1;2;30908;16.25;1;;10/05/2024;;;IPTU 2024;0;6;
1;2;34053;16.3;1;;10/05/2024;;;IPTU 2024;0;6;
1;2;1295;16.35;1;;10/05/2024;;;IPTU 2024;0;6;
1;2;31026;16.36;1;;10/05/2024;;;IPTU 2024;0;6;
1;2;31042;16.36;1;;10/05/2024;;;IPTU 2024;0;6;
1;2;31193;16.53;1;;10/05/2024;;;IPTU 2024;0;6;
1;2;30424;16.84;1;;10/05/2024;;;IPTU 2024;0;6;
1;2;30680;17.09;1;;10/05/2024;;;IPTU 2024;0;6;
1;2;30693;17.09;1;;10/05/2024;;;IPTU 2024;0;6;
1;2;30681;17.09;1;;10/05/2024;;;IPTU 2024;0;6;
1;2;1290;17.15;1;;10/05/2024;;;IPTU 2024;0;6;
1;2;11663;17.83;1;;10/05/2024;;;IPTU 2024;0;6;
1;2;11654;17.83;1;;10/05/2024;;;IPTU 2024;0;6;
1;2;11655;17.83;1;;10/05/2024;;;IPTU 2024;0;6;
1;2;11656;17.83;1;;10/05/2024;;;IPTU 2024;0;6;
1;2;11657;17.83;1;;10/05/2024;;;IPTU 2024;0;6;
1;2;11658;17.83;1;;10/05/2024;;;IPTU 2024;0;6;
1;2;11659;17.83;1;;10/05/2024;;;IPTU 2024;0;6;
1;2;11660;17.83;1;;10/05/2024;;;IPTU 2024;0;6;
1;2;11661;17.83;1;;10/05/2024;;;IPTU 2024;0;6;
1;2;11662;17.83;1;;10/05/2024;;;IPTU 2024;0;6;
1;2;11663;17.83;1;;10/05/2024;;;IPTU 2024;0;6;
1;2;46111;19.44;1;;10/05/2024;;;IPTU 2024;0;6;
1;2;1396;19.88;1;;10/05/2024;;;IPTU 2024;0;6;
1;2;46914;20.3;1;;10/05/2024;;;IPTU 2024;0;6;
1;2;11281;20.41;1;;10/05/2024;;;IPTU 2024;0;6;
1;2;42946;21.93;1;;10/05/2024;;;IPTU 2024;0;6;
1;2;11326;22.1;1;;10/05/2024;;;IPTU 2024;0;6;
1;2;46174;22.5;1;;10/05/2024;;;IPTU 2024;0;6;
1;2;38785;22.7;1;;10/05/2024;;;IPTU 2024;0;6;
1;2;30408;23.24;1;;10/05/2024;;;IPTU 2024;0;6;
1;2;42894;23.63;1;;10/05/2024;;;IPTU 2024;0;6;
1;2;29706;23.72;1;;10/05/2024;;;IPTU 2024;0;6;
1;2;28748;23.91;1;;10/05/2024;;;IPTU 2024;0;6;
1;2;28761;23.91;1;;10/05/2024;;;IPTU 2024;0;6;
1;2;28786;23.91;1;;10/05/2024;;;IPTU 2024;0;6;
1;2;42133;23.95;1;;10/05/2024;;;IPTU 2024;0;6;
1;2;32711;24.19;1;;10/05/2024;;;IPTU 2024;0;6;
1;2;4271;24.22;1;;10/05/2024;;;IPTU 2024;0;6;
1;2;1637;24.33;1;;10/05/2024;;;IPTU 2024;0;6;
1;2;46173;24.77;1;;10/05/2024;;;IPTU 2024;0;6;
1;2;36811;24.83;1;;10/05/2024;;;IPTU 2024;0;6;
1;2;11637;25.47;1;;10/05/2024;;;IPTU 2024;0;6;
1;2;11862;26.55;1;;10/05/2024;;;IPTU 2024;0;6;
1;2;1650;26.71;1;;10/05/2024;;;IPTU 2024;0;6;
1;2;1655;26.71;1;;10/05/2024;;;IPTU 2024;0;6;
1;2;32953;27.47;1;;10/05/2024;;;IPTU 2024;0;6;
1;2;43779;28.32;1;;10/05/2024;;;IPTU 2024;0;6;
1;2;43779;28.32;1;;10/05/2024;;;IPTU 2024;0;6;
1;2;11318;28.41;1;;10/05/2024;;;IPTU 2024;0;6;
1;2;2309;28.89;1;;10/05/2024;;;IPTU 2024;0;6;
1;2;11702;29.43;1;;10/05/2024;;;IPTU 2024;0;6;
1;2;11702;29.43;1;;10/05/2024;;;IPTU 2024;0;6;
1;2;30875;29.95;1;;10/05/2024;;;IPTU 2024;0;6;
1;2;30881;29.95;1;;10/05/2024;;;IPTU 2024;0;6;
1;2;11334;241.2;8;;10/05/2024;;;IPTU 2024;0;6;
1;2;1225;252.72;8;;10/05/2024;;;IPTU 2024;0;6;
1;2;37445;263.52;8;;10/05/2024;;;IPTU 2024;0;6;
1;2;462;270.96;8;;10/05/2024;;;IPTU 2024;0;6;
1;2;8246;276.00;8;;10/05/2024;;;IPTU 2024;0;6;
1;2;6349;276.8;8;;10/05/2024;;;IPTU 2024;0;6;
1;2;29710;280.8;8;;10/05/2024;;;IPTU 2024;0;6;
1;2;39681;426.88;8;;10/05/2024;;;IPTU 2024;0;6;
1;2;6343;431.36;8;;10/05/2024;;;IPTU 2024;0;6;
1;2;23514;439.84;8;;10/05/2024;;;IPTU 2024;0;6;
1;2;46633;459.12;8;;10/05/2024;;;IPTU 2024;0;6;
1;2;21655;469.6;8;;10/05/2024;;;IPTU 2024;0;6;
1;2;13655;484.72;8;;10/05/2024;;;IPTU 2024;0;6;
1;2;45423;503.04;8;;10/05/2024;;;IPTU 2024;0;6;
1;2;4261;511.6;8;;10/05/2024;;;IPTU 2024;0;6;
1;2;36266;543.68;8;;10/05/2024;;;IPTU 2024;0;6;
1;2;28844;574.24;8;;10/05/2024;;;IPTU 2024;0;6;
1;2;1454;612.88;8;;10/05/2024;;;IPTU 2024;0;6;
1;2;659;636.48;8;;10/05/2024;;;IPTU 2024;0;6;
1;2;45124;685.12;8;;10/05/2024;;;IPTU 2024;0;6;
1;2;350;694.64;8;;10/05/2024;;;IPTU 2024;0;6;
1;2;2602;759.84;8;;10/05/2024;;;IPTU 2024;0;6;
1;2;1441;761.20;8;;10/05/2024;;;IPTU 2024;0;6;
1;2;2323;786.32;8;;10/05/2024;;;IPTU 2024;0;6;
1;2;1606;814.96;8;;10/05/2024;;;IPTU 2024;0;6;
1;2;2428;854.16;8;;10/05/2024;;;IPTU 2024;0;6;
1;2;1722;888.80;8;;10/05/2024;;;IPTU 2024;0;6;
1;2;816;904.08;8;;10/05/2024;;;IPTU 2024;0;6;
1;2;28154;956.40;8;;10/05/2024;;;IPTU 2024;0;6;
1;2;6183;1001.44;8;;10/05/2024;;;IPTU 2024;0;6;
1;2;2362;1112.64;8;;10/05/2024;;;IPTU 2024;0;6;
1;2;36296;1329.28;8;;10/05/2024;;;IPTU 2024;0;6;
1;2;3084;1540.32;8;;10/05/2024;;;IPTU 2024;0;6;
1;2;28612;1978.64;8;;10/05/2024;;;IPTU 2024;0;6;
1;2;10972;2546.24;8;;10/05/2024;;;IPTU 2024;0;6;
